Workbook

Sheet Sheet1
A1: Client Code | B1: Client_Name | C1: WireCode | D1: Onboarded on | E1: Aum | F1: RM_Name | G1: Client_Pan | H1: RM_Pan
A2: AQMPC8487H | B2: Aakash Chaudhari | C2: F338Y10 | D2: 45790 | E2: =VLOOKUP(B2,Sheet4!B:G,6,false) -> 151548 | F2: Devashish Upadhyaya | G2: AQMPC8487H | H2: AAQPU3306B
A3: AUEPP9700C | B3: Aarati Samrat Mangure | C3: F447P02 | D3: 45819 | E3: =VLOOKUP(B3,Sheet4!B:G,6,false) -> 1928878 | F3: Anil Gavali | G3: AUEPP9700C | H3: AGHPG7058H
A4: CYXPA8793D | B4: Aarti | C4: F447P02 | D4: 45877 | F4: Anil Gavali | G4: CYXPA8793D | H4: AGHPG7058H
A5: ALCPD9735A | B5: Aarya P Deshpande | C5: F447P03 | D5: 45855 | E5: =VLOOKUP(B5,Sheet4!B:G,6,false) -> 491800 | F5: Kedar Kulkarni | G5: ALCPD9735A | H5: BCJPK7734B
A6: AMAPP0228K | B6: Aayush V Pednekar | C6: F447P03 | D6: 45739 | E6: =VLOOKUP(B6,Sheet4!B:G,6,false) -> 68492 | F6: Kedar Kulkarni | G6: AMAPP0228K | H6: BCJPK7734B
A7: AKXPA9024F | B7: Abhay Ashok Aouti | C7: F338Y08 | D7: 46046 | F7: Abhay Aouti | G7: AKXPA9024F | H7: AKXPA9024F
A8: BYTPD9257N | B8: ABHAY DESHPANDE | C8: F447P03 | D8: 45681 | E8: =VLOOKUP(B8,Sheet4!B:G,6,false) -> 424263 | F8: Kedar Kulkarni | G8: BYTPD9257N | H8: BCJPK7734B
A9: AAVHA3341P | B9: Abhijeet Sangale Huf | C9: F338Y07 | D9: 45983 | E9: =VLOOKUP(B9,Sheet4!B:G,6,false) -> 49883 | F9: Amit Nawle | G9: AAVHA3341P | H9: AFUPN0088A
A10: BMYPB4053R | B10: Abhinav Bhargava | C10: F338Y01 | D10: 45978 | F10: Nitin Mude | G10: BMYPB4053R | H10: AIHPM7502Q
A11: AOWPB9852R | B11: Adhiraj Kedar Dighe | C11: F447P03 | D11: 45935 | E11: =VLOOKUP(B11,Sheet4!B:G,6,false) -> 14294 | F11: Kedar Kulkarni | G11: AOWPB9852R | H11: BCJPK7734B
A12: AJBPD4317K | B12: Aditi Deshpande | C12: F338Y09 | D12: 45793 | E12: =VLOOKUP(B12,Sheet4!B:G,6,false) -> 3004 | F12: Amol Patekar | G12: AJBPD4317K | H12: ALZPP1769R
A13: CEQPG9922R | B13: ADITYA SUNIL GHORPADE | C13: F447P02 | D13: 45938 | E13: =VLOOKUP(B13,Sheet4!B:G,6,false) -> 22549 | F13: Anil Gavali | G13: CEQPG9922R | H13: AGHPG7058H
A14: AKPPK1695N | B14: AJIT KELUSKAR | C14: F447P03 | D14: 45973 | E14: =VLOOKUP(B14,Sheet4!B:G,6,false) -> 17450 | F14: Kedar Kulkarni | G14: AKPPK1695N | H14: BCJPK7734B
A15: CUFPA1931H | B15: Ajithbalachandran | C15: F338Y01 | D15: 45953 | F15: Nitin Mude | G15: CUFPA1931H | H15: AIHPM7502Q
A16: CSPPG4780C | B16: AKSHAY GIRIGOSAVI | C16: F447P03 | D16: 46128 | E16: =VLOOKUP(B16,Sheet4!B:G,6,false) -> 1999 | F16: Kedar Kulkarni | G16: CSPPG4780C | H16: BCJPK7734B
A17: ASEPP4675N | B17: Akshay Patwardhan | C17: FY74603 | D17: 46063 | E17: =VLOOKUP(B17,Sheet4!B:G,6,false) -> 507 | F17: Harshal Bavaskar | G17: ASEPP4675N | H17: CCFPB8266C
A18: CWNPP5058A | B18: Akshay Polake | C18: F447P03 | D18: 45833 | E18: =VLOOKUP(B18,Sheet4!B:G,6,false) -> 26362 | F18: Kedar Kulkarni | G18: CWNPP5058A | H18: BCJPK7734B
A19: AAHPU8282F | B19: Alankar J Urankar | C19: F338Y09 | D19: 46060 | E19: =VLOOKUP(B19,Sheet4!B:G,6,false) -> 120165 | F19: Amol Patekar | G19: AAHPU8282F | H19: ALZPP1769R
A20: AGCPC2588F | B20: ALPESH CHANDAK | C20: F338Y08 | D20: 46091 | E20: =VLOOKUP(B20,Sheet4!B:G,6,false) -> 100636 | F20: Abhay Aouti | G20: AGCPC2588F | H20: AKXPA9024F
A21: BRVPP8587L | B21: Amey Yeshvant Pol | C21: F447P02 | D21: 46066 | E21: =VLOOKUP(B21,Sheet4!B:G,6,false) -> 14815 | F21: Anil Gavali | G21: BRVPP8587L | H21: AGHPG7058H
A22: AGZPJ7377A | B22: Amit V Jadhav | C22: F338Y03 | D22: 45678 | E22: =VLOOKUP(B22,Sheet4!B:G,6,false) -> 430520 | F22: Suhas Tare | G22: AGZPJ7377A | H22: AEYPT3691L
A23: ADIPN2434L | B23: Amol Ashokrao Nikam | C23: F447P02 | D23: 45828 | E23: =VLOOKUP(B23,Sheet4!B:G,6,false) -> 233282 | F23: Anil Gavali | G23: ADIPN2434L | H23: AGHPG7058H
A24: BDQPP7242D | B24: Amol Bajirao Patil | C24: F447P02 | D24: 46048 | E24: =VLOOKUP(B24,Sheet4!B:G,6,false) -> 37842 | F24: Anil Gavali | G24: BDQPP7242D | H24: AGHPG7058H
A25: AQBPD5625K | B25: Amol M Dambalkar | C25: F447P02 | D25: 45889 | E25: =VLOOKUP(B25,Sheet4!B:G,6,false) -> 120542 | F25: Anil Gavali | G25: AQBPD5625K | H25: AGHPG7058H
A26: ALZPP1769R | B26: Amol Vijay Patekar | C26: F338Y09 | D26: 46096 | E26: =VLOOKUP(B26,Sheet4!B:G,6,false) -> 330917 | F26: Amol Patekar | G26: ALZPP1769R | H26: ALZPP1769R
A27: AARPB3063F | B27: Anand P Borude | C27: F447P02 | D27: 45828 | E27: =VLOOKUP(B27,Sheet4!B:G,6,false) -> 1066836 | F27: Anil Gavali | G27: AARPB3063F | H27: AGHPG7058H
... A36: AEXPU4114N | B36: Anjan Atul Uplekar | C36: F447P03 | D36: 45648 | E36: =VLOOKUP(B36,Sheet4!B:G,6,false) -> 342602 | F36: Kedar Kulkarni | G36: AEXPU4114N | H36: BCJPK7734B
A37: AOFPL4920H | B37: Ankush Lonkar | C37: F338Y01 | D37: 46030 | F37: Nitin Mude | G37: AOFPL4920H | H37: AIHPM7502Q
A38: EILPK4203C | B38: Anmol Kaur | C38: F338Y01 | D38: 45904 | F38: Nitin Mude | G38: EILPK4203C | H38: AIHPM7502Q
A39: DDZPM4732C | B39: Anuj Pritesh Mahadik | C39: F447P03 | D39: 45884 | E39: =VLOOKUP(B39,Sheet4!B:G,6,false) -> 27744 | F39: Kedar Kulkarni | G39: DDZPM4732C | H39: BCJPK7734B
A40: EXXPB6758Q | B40: Anushka Bhalekar | C40: F447P01 | D40: 45803 | F40: Bhushan Kulkarni | G40: EXXPB6758Q | H40: APBPK2229R
A41: DBVPS9586N | B41: Aparna Manoj Shelukar | C41: F338Y10 | D41: 46129 | F41: Devashish Upadhyaya | G41: DBVPS9586N | H41: AAQPU3306B
A42: AVKPD4176F | B42: Archana Devhare | C42: F447P02 | D42: 45688 | E42: =VLOOKUP(B42,Sheet4!B:G,6,false) -> 32558 | F42: Anil Gavali | G42: AVKPD4176F | H42: AGHPG7058H
A43: BLFPP9566D | B43: Archana Patil | C43: F447P02 | D43: 45889 | E43: =VLOOKUP(B43,Sheet4!B:G,6,false) -> 5833 | F43: Anil Gavali | G43: BLFPP9566D | H43: AGHPG7058H
A44: BMGPP1011B | B44: Arjun Prakash Powar | C44: F447P02 | D44: 45836 | E44: =VLOOKUP(B44,Sheet4!B:G,6,false) -> 135396 | F44: Anil Gavali | G44: BMGPP1011B | H44: AGHPG7058H
A45: AEUPG8297H | B45: ARUN R GUNJATE | C45: F447P02 | D45: 45818 | E45: =VLOOKUP(B45,Sheet4!B:G,6,false) -> 33932282 | F45: Anil Gavali | G45: AEUPG8297H | H45: AGHPG7058H
A46: AAOPU8306R | B46: Arun Vamanrao Ugale | C46: F338Y10 | D46: 46030 | E46: =VLOOKUP(B46,Sheet4!B:G,6,false) -> 964590 | F46: Devashish Upadhyaya | G46: AAOPU8306R | H46: AAQPU3306B
A47: BMYPG1146G | B47: Aruna Ghatage | C47: F447P02 | D47: 45748 | F47: Anil Gavali | G47: BMYPG1146G | H47: AGHPG7058H
A48: ANFPP8559H | B48: Aruna Yashwant Pol | C48: F447P02 | D48: 45826 | E48: =VLOOKUP(B48,Sheet4!B:G,6,false) -> 152590 | F48: Anil Gavali | G48: ANFPP8559H | H48: AGHPG7058H
A49: CSSPP7153D | B49: Arya Rishikesh Patil | C49: F447P02 | D49: 46114 | E49: =VLOOKUP(B49,Sheet4!B:G,6,false) -> 105049 | F49: Anil Gavali | G49: CSSPP7153D | H49: AGHPG7058H
A50: AMCPS2635K | B50: Ashish M Sanghavi | C50: F338Y09 | D50: 46121 | E50: =VLOOKUP(B50,Sheet4!B:G,6,false) -> 2051 | F50: Amol Patekar | G50: AMCPS2635K | H50: ALZPP1769R
A51: BNSPP4843G | B51: Ashok Dattatray Patil | C51: F447P02 | D51: 46120 | E51: =VLOOKUP(B51,Sheet4!B:G,6,false) -> 5308 | F51: Anil Gavali | G51: BNSPP4843G | H51: AGHPG7058H
A52: KPQPS5271L | B52: Ashok Kumar Saini | C52: F338Y01 | D52: 45983 | F52: Nitin Mude | G52: KPQPS5271L | H52: AIHPM7502Q
A53: ABGPK0664D | B53: Ashok M Kothawade | C53: F338Y07 | D53: 45753 | E53: =VLOOKUP(B53,Sheet4!B:G,6,false) -> 256264 | F53: Amit Nawle | G53: ABGPK0664D | H53: AFUPN0088A
A54: AUAPC1023H | B54: ASHWINI AMBEKAR | C54: F338Y07 | D54: 46029 | E54: =VLOOKUP(B54,Sheet4!B:G,6,false) -> 8391 | F54: Amit Nawle | G54: AUAPC1023H | H54: AFUPN0088A
A55: AQIPM8940R | B55: ASHWINI MUDE | C55: FY74603 | D55: 46055 | E55: =VLOOKUP(B55,Sheet4!B:G,6,false) -> 20772 | F55: Harshal Bavaskar | G55: AQIPM8940R | H55: CCFPB8266C
A56: BXIPP6547H | B56: Atharvraj Agencies | C56: F447P03 | D56: 45783 | E56: =VLOOKUP(B56,Sheet4!B:G,6,false) -> 38110 | F56: Kedar Kulkarni | G56: BXIPP6547H | H56: BCJPK7734B
A57: AAVPU1664M | B57: ATUL UPALEKAR | C57: F447P03 | D57: 46045 | E57: =VLOOKUP(B57,Sheet4!B:G,6,false) -> 62337 | F57: Kedar Kulkarni | G57: AAVPU1664M | H57: BCJPK7734B
A58: HIEPB2904R | B58: Bawazir M Mohsin | C58: F338Y01 | D58: 45962 | F58: Nitin Mude | G58: HIEPB2904R | H58: AIHPM7502Q
A59: CMRPS4821G | B59: Bhagyashri D Shinde | C59: F338Y03 | D59: 46091 | E59: =VLOOKUP(B59,Sheet4!B:G,6,false) -> 70141 | F59: Suhas Tare | G59: CMRPS4821G | H59: AEYPT3691L
A60: AQXPB3943L | B60: Bharat Suneja | C60: F338Y01 | D60: 45985 | F60: Nitin Mude | G60: AQXPB3943L | H60: AIHPM7502Q
A61: BWPPG1775C | B61: Bharati R Ghatol | C61: F338Y10 | D61: 46050 | E61: =VLOOKUP(B61,Sheet4!B:G,6,false) -> 800636 | F61: Devashish Upadhyaya | G61: BWPPG1775C | H61: AAQPU3306B
A62: AHSPR0577Q | B62: Bhargav V Raje | C62: F447P | D62: 45685 | E62: =VLOOKUP(B62,Sheet4!B:G,6,false) -> 2724864 | F62: Abhijeet Mane | G62: AHSPR0577Q | H62: AOMPM5676E
A63: AROPK9398J | B63: Bhavesh B Kharote | C63: F338Y10 | D63: 46121 | E63: =VLOOKUP(B63,Sheet4!B:G,6,false) -> 87485 | F63: Devashish Upadhyaya | G63: AROPK9398J | H63: AAQPU3306B
A64: BVBPC5708E | B64: Bishwa M Chatterjee | C64: F338Y19 | D64: 46028 | E64: =VLOOKUP(B64,Sheet4!B:G,6,false) -> 43183 | F64: Bishwa Chatterjee | G64: BVBPC5708E | H64: BVBPC5708E
A65: CLGPS9759F | B65: BRAMHESH L SARANGULE | C65: F338Y01 | D65: 45644 | E65: =VLOOKUP(B65,Sheet4!B:G,6,false) -> 76118 | F65: Nitin Mude | G65: CLGPS9759F | H65: AIHPM7502Q
A66: ARYPA0084D | B66: Chaitra Akhegaonkar | C66: F338Y03 | D66: 46093 | E66: =VLOOKUP(B66,Sheet4!B:G,6,false) -> 679849 | F66: Suhas Tare | G66: ARYPA0084D | H66: AEYPT3691L
A67: APTPB7125D | B67: Chaitram Bhamare | C67: F338Y10 | D67: 46111 | E67: =VLOOKUP(B67,Sheet4!B:G,6,false) -> 505816 | F67: Devashish Upadhyaya | G67: APTPB7125D | H67: AAQPU3306B
A68: ACWPC1847R | B68: Chandrakant Chougule | C68: F447P02 | D68: 45828 | E68: =VLOOKUP(B68,Sheet4!B:G,6,false) -> 376124 | F68: Anil Gavali | G68: ACWPC1847R | H68: AGHPG7058H
A69: AFFPP3239N | B69: Chandrakant G Patil | C69: F447P02 | D69: 45835 | E69: =VLOOKUP(B69,Sheet4!B:G,6,false) -> 19761 | F69: Anil Gavali | G69: AFFPP3239N | H69: AGHPG7058H
A70: AFNPB3033L | B70: Chandrakant P Borse | C70: F338Y08 | D70: 46018 | E70: =VLOOKUP(B70,Sheet4!B:G,6,false) -> 654120 | F70: Abhay Aouti | G70: AFNPB3033L | H70: AKXPA9024F
A71: AGLPG7409A | B71: Chandrashekhar V G | C71: F338Y10 | D71: 46122 | E71: =VLOOKUP(B71,Sheet4!B:G,6,false) -> 527974 | F71: Devashish Upadhyaya | G71: AGLPG7409A | H71: AAQPU3306B
A72: AFWPB4868G | B72: CHARVI ROHAN RAHATE | C72: F338Y09 | D72: 45829 | E72: =VLOOKUP(B72,Sheet4!B:G,6,false) -> 152325 | F72: Amol Patekar | G72: AFWPB4868G | H72: ALZPP1769R
A73: AXWPS3080K | B73: Chidambar N Shinde | C73: F447P03 | D73: 46029 | E73: =VLOOKUP(B73,Sheet4!B:G,6,false) -> 25361 | F73: Kedar Kulkarni | G73: AXWPS3080K | H73: BCJPK7734B
A74: AYWPC4754H | B74: Chiluveru Mallaiah | C74: F338Y01 | D74: 46055 | F74: Nitin Mude | G74: AYWPC4754H | H74: AIHPM7502Q
A75: AKYPD6464B | B75: DABHOLE PRATHAMESH P | C75: F447P04 | D75: 46091 | E75: =VLOOKUP(B75,Sheet4!B:G,6,false) -> 5218897 | F75: Dhananjay Yadav | G75: AKYPD6464B | H75: ABXPY6459K
A76: CTUPT5449P | B76: DARSHAN PRAVIN TIDKE | C76: F338Y03 | D76: 45695 | E76: =VLOOKUP(B76,Sheet4!B:G,6,false) -> 50091 | F76: Suhas Tare | G76: CTUPT5449P | H76: AEYPT3691L
A77: ALRPJ3735F | B77: Dattatray V Jadhav | C77: F447P02 | D77: 45829 | E77: =VLOOKUP(B77,Sheet4!B:G,6,false) -> 174862 | F77: Anil Gavali | G77: ALRPJ3735F | H77: AGHPG7058H
A78: AASPN4082D | B78: Deepak M Narsingani | C78: F447P02 | D78: 45874 | E78: =VLOOKUP(B78,Sheet4!B:G,6,false) -> 59055 | F78: Anil Gavali | G78: AASPN4082D | H78: AGHPG7058H
A79: ADTPA5462G | B79: Deepak R Adake | C79: F447P02 | D79: 46094 | E79: =VLOOKUP(B79,Sheet4!B:G,6,false) -> 5225 | F79: Anil Gavali | G79: ADTPA5462G | H79: AGHPG7058H
A80: CJQPD7183Q | B80: DEEPIKA | C80: F338Y12 | D80: 45870 | E80: =VLOOKUP(B80,Sheet4!B:G,6,false) -> 198575 | F80: Avishek Kumar | G80: CJQPD7183Q | H80: BIRPK3752P
A81: AYGPN2038K | B81: Devashree S Nawghare | C81: F338Y10 | D81: 46092 | E81: =VLOOKUP(B81,Sheet4!B:G,6,false) -> 31478 | F81: Devashish Upadhyaya | G81: AYGPN2038K | H81: AAQPU3306B
A82: AROPB6075B | B82: DHAIRYASHIL BHOGAM | C82: F447P03 | D82: 45922 | E82: =VLOOKUP(B82,Sheet4!B:G,6,false) -> 121474 | F82: Kedar Kulkarni | G82: AROPB6075B | H82: BCJPK7734B
A83: EIAPK9256A | B83: Dhairyashil D Kashid | C83: F447P03 | D83: 45980 | E83: =VLOOKUP(B83,Sheet4!B:G,6,false) -> 402051 | F83: Kedar Kulkarni | G83: EIAPK9256A | H83: BCJPK7734B
A84: DODPK6580R | B84: Dhananjay Kulkarni | C84: F447P01 | D84: 45752 | E84: =VLOOKUP(B84,Sheet4!B:G,6,false) -> 44049 | F84: Bhushan Kulkarni | G84: DODPK6580R | H84: APBPK2229R
A85: ABUPL4029R | B85: Dhananjay R Lachake | C85: F338Y09 | D85: 45853 | E85: =VLOOKUP(B85,Sheet4!B:G,6,false) -> 301305 | F85: Amol Patekar | G85: ABUPL4029R | H85: ALZPP1769R
A86: ABXPY6459K | B86: DHANANJAY YADAV | C86: F447P04 | D86: 45743 | F86: Dhananjay Yadav | G86: ABXPY6459K | H86: ABXPY6459K
A87: BWSPV7770H | B87: Dhanashree Vaidya | C87: F338Y03 | D87: 45741 | F87: Suhas Tare | G87: BWSPV7770H | H87: AEYPT3691L
A88: ABQPU2533F | B88: Dhanya J Upadhyaya | C88: F338Y10 | D88: 46073 | E88: =VLOOKUP(B88,Sheet4!B:G,6,false) -> 41410 | F88: Devashish Upadhyaya | G88: ABQPU2533F | H88: AAQPU3306B
A89: ADXPS7997J | B89: Dheeraj G Sarda | C89: F447P02 | D89: 46031 | E89: =VLOOKUP(B89,Sheet4!B:G,6,false) -> 19626 | F89: Anil Gavali | G89: ADXPS7997J | H89: AGHPG7058H
A90: ABZPE0240N | B90: Dhiraj Vilas Ekal | C90: F447P02 | D90: 45951 | E90: =VLOOKUP(B90,Sheet4!B:G,6,false) -> 64299 | F90: Anil Gavali | G90: ABZPE0240N | H90: AGHPG7058H
A91: CJQPD7183Q | B91: Dhriti Sharma | C91: F338Y12 | D91: 45709 | E91: =VLOOKUP(B91,Sheet4!B:G,6,false) -> 509114 | F91: Avishek Kumar | G91: CJQPD7183Q | H91: BIRPK3752P
A92: AANPP9085B | B92: Dilip L Paranjape | C92: F447P01 | D92: 46001 | E92: =VLOOKUP(B92,Sheet4!B:G,6,false) -> 183934 | F92: Bhushan Kulkarni | G92: AANPP9085B | H92: APBPK2229R
A93: CHJPS9854C | B93: Dinesh Ananti Singh | C93: F338Y09 | D93: 46035 | E93: =VLOOKUP(B93,Sheet4!B:G,6,false) -> 694796 | F93: Amol Patekar | G93: CHJPS9854C | H93: ALZPP1769R
A94: CDMPR7731L | B94: Dinoday Uttam Raut | C94: F447P02 | D94: 46029 | E94: =VLOOKUP(B94,Sheet4!B:G,6,false) -> 33588 | F94: Anil Gavali | G94: CDMPR7731L | H94: AGHPG7058H
A95: DEOPG0007J | B95: Dnyanesh Gaikwad | C95: F338Y10 | D95: 45898 | E95: =VLOOKUP(B95,Sheet4!B:G,6,false) -> 147408 | F95: Devashish Upadhyaya | G95: DEOPG0007J | H95: AAQPU3306B
A96: BAJPD7722C | B96: Dumpala Santosh Kumar | C96: F338Y01 | D96: 46021 | F96: Nitin Mude | G96: BAJPD7722C | H96: AIHPM7502Q
A97: AHWPP0158K | B97: Gajanan Narsing Patil | C97: F447P02 | D97: 46094 | E97: =VLOOKUP(B97,Sheet4!B:G,6,false) -> 5079 | F97: Anil Gavali | G97: AHWPP0158K | H97: AGHPG7058H
A98: RFNPS4337M | B98: Gajula Sai Divya Sree | C98: F338Y01 | D98: 45883 | F98: Nitin Mude | G98: RFNPS4337M | H98: AIHPM7502Q
A99: AIKPB9681L | B99: GANESH BHALERAO | C99: F338Y03 | D99: 45652 | F99: Suhas Tare | G99: AIKPB9681L | H99: AEYPT3691L
A100: AIWPG0482G | B100: Ganesh S | C100: F338Y01 | D100: 46094 | F100: Nitin Mude | G100: AIWPG0482G | H100: AIHPM7502Q
A101: DWEPS0312G | B101: Ganesh S Supare | C101: F338Y09 | D101: 45992 | E101: =VLOOKUP(B101,Sheet4!B:G,6,false) -> 320159 | F101: Amol Patekar | G101: DWEPS0312G | H101: ALZPP1769R
A102: DCBPR8203L | B102: Gauri Rahane | C102: F338Y03 | D102: 45819 | F102: Suhas Tare | G102: DCBPR8203L | H102: AEYPT3691L
A103: AJIPG2991D | B103: GAVALI R GAJANAN | C103: F447P02 | D103: 45820 | E103: =VLOOKUP(B103,Sheet4!B:G,6,false) -> 1375239 | F103: Anil Gavali | G103: AJIPG2991D | H103: AGHPG7058H
A104: ALSPV0362R | B104: Gayatri Vaze | C104: F447P01 | D104: 45685 | E104: =VLOOKUP(B104,Sheet4!B:G,6,false) -> 242005 | F104: Bhushan Kulkarni | G104: ALSPV0362R | H104: APBPK2229R
A105: AAEPO0374R | B105: Geeta Anil Oswal | C105: F447P02 | D105: 45827 | E105: =VLOOKUP(B105,Sheet4!B:G,6,false) -> 465217 | F105: Anil Gavali | G105: AAEPO0374R | H105: AGHPG7058H
A106: AJMPG8046P | B106: Ghughuskar K Maruti | C106: F338Y10 | D106: 45819 | E106: =VLOOKUP(B106,Sheet4!B:G,6,false) -> 135408 | F106: Devashish Upadhyaya | G106: AJMPG8046P | H106: AAQPU3306B
A107: BORPG0513E | B107: Gosai Akashkumar | C107: F338Y01 | D107: 45926 | F107: Nitin Mude | G107: BORPG0513E | H107: AIHPM7502Q
A108: AWJPS5605A | B108: Govind D Sutavani | C108: F338Y09 | D108: 46037 | E108: =VLOOKUP(B108,Sheet4!B:G,6,false) -> 459627 | F108: Amol Patekar | G108: AWJPS5605A | H108: ALZPP1769R
...

Sheet Sheet4
A1: Group Code | B1: Investor | C1: Equity | D1: Debt | E1: Hybrid | F1: Other | G1: Total AUM
A2: 40 | B2: Aakash Chaudhari | C2: 151548 | D2: 0 | E2: 0 | F2: 0 | G2: 151548
A3: M00003 | B3: Aarati Samrat Mangure | C3: 1181912 | D3: 0 | E3: 746966 | F3: 0 | G3: 1928878
A4: D00010 | B4: Aarya P Deshpande | C4: 491800 | D4: 0 | E4: 0 | F4: 0 | G4: 491800
A5: 6 | B5: Aayush V Pednekar | C5: 0 | D5: 0 | E5: 68492 | F5: 0 | G5: 68492
A6: 8 | B6: ABHAY DESHPANDE | C6: 424263 | D6: 0 | E6: 0 | F6: 0 | G6: 424263
A7: S00018 | B7: Abhijeet Sangale Huf | C7: 49883 | D7: 0 | E7: 0 | F7: 0 | G7: 49883
A8: D00014 | B8: Adhiraj Kedar Dighe | C8: 0 | D8: 0 | E8: 14294 | F8: 0 | G8: 14294
A9: 41 | B9: Aditi Deshpande | C9: 3004 | D9: 0 | E9: 0 | F9: 0 | G9: 3004
A10: G00021 | B10: ADITYA SUNIL GHORPADE | C10: 22549 | D10: 0 | E10: 0 | F10: 0 | G10: 22549
A11: 84 | B11: AJIT KELUSKAR | C11: 9888 | D11: 0 | E11: 7562 | F11: 0 | G11: 17450
A12: 113 | B12: AKSHAY GIRIGOSAVI | C12: 1999 | D12: 0 | E12: 0 | F12: 0 | G12: 1999
A13: 99 | B13: Akshay Patwardhan | C13: 0 | D13: 0 | E13: 507 | F13: 0 | G13: 507
A14: 52 | B14: Akshay Polake | C14: 25374 | D14: 0 | E14: 988 | F14: 0 | G14: 26362
A15: U00005 | B15: Alankar J Urankar | C15: 120165 | D15: 0 | E15: 0 | F15: 0 | G15: 120165
A16: C00015 | B16: ALPESH CHANDAK | C16: 0 | D16: 0 | E16: 100636 | F16: 0 | G16: 100636
A17: P00036 | B17: Amey Yeshvant Pol | C17: 7388 | D17: 0 | E17: 7427 | F17: 0 | G17: 14815
A18: J00001 | B18: Amit V Jadhav | C18: 430520 | D18: 0 | E18: 0 | F18: 0 | G18: 430520
A19: N00001 | B19: Amol Ashokrao Nikam | C19: 156979 | D19: 0 | E19: 76303 | F19: 0 | G19: 233282
A20: P00033 | B20: Amol Bajirao Patil | C20: 37842 | D20: 0 | E20: 0 | F20: 0 | G20: 37842
A21: D00012 | B21: Amol M Dambalkar | C21: 76891 | D21: 0 | E21: 43651 | F21: 0 | G21: 120542
A22: P00040 | B22: Amol Vijay Patekar | C22: 0 | D22: 0 | E22: 330917 | F22: 0 | G22: 330917
A23: B00004 | B23: Anand P Borude | C23: 506088 | D23: 0 | E23: 560748 | F23: 0 | G23: 1066836
A24: K00020 | B24: Anant S Kulkarni | C24: 25500 | D24: 0 | E24: 0 | F24: 0 | G24: 25500
A25: M00018 | B25: Anant Shivajirao Mane | C25: 22166 | D25: 0 | E25: 0 | F25: 0 | G25: 22166
A26: A00004 | B26: Anil Ashok Agarwal | C26: 173637 | D26: 0 | E26: 0 | F26: 0 | G26: 173637
... A31: T00003 | B31: Anita A Turambekar | C31: 44081 | D31: 0 | E31: 0 | F31: 0 | G31: 44081
A32: 93 | B32: Anjan Atul Uplekar | C32: 0 | D32: 0 | E32: 342602 | F32: 0 | G32: 342602
A33: 15 | B33: Anuj Pritesh Mahadik | C33: 0 | D33: 0 | E33: 27744 | F33: 0 | G33: 27744
A34: 13 | B34: Archana Devhare | C34: 32558 | D34: 0 | E34: 0 | F34: 0 | G34: 32558
A35: 64 | B35: Archana Patil | C35: 5833 | D35: 0 | E35: 0 | F35: 0 | G35: 5833
A36: P00016 | B36: Arjun Prakash Powar | C36: 58648 | D36: 0 | E36: 76748 | F36: 0 | G36: 135396
A37: G00004 | B37: ARUN R GUNJATE | C37: 3679653 | D37: 1475166 | E37: 28777463 | F37: 0 | G37: 33932282
A38: U00003 | B38: Arun Vamanrao Ugale | C38: 112959 | D38: 851631 | E38: 0 | F38: 0 | G38: 964590
A39: P00009 | B39: Aruna Yashwant Pol | C39: 152590 | D39: 0 | E39: 0 | F39: 0 | G39: 152590
A40: P00042 | B40: Arya Rishikesh Patil | C40: 0 | D40: 0 | E40: 105049 | F40: 0 | G40: 105049
A41: S00044 | B41: Ashish M Sanghavi | C41: 2051 | D41: 0 | E41: 0 | F41: 0 | G41: 2051
A42: P00046 | B42: Ashok Dattatray Patil | C42: 5308 | D42: 0 | E42: 0 | F42: 0 | G42: 5308
A43: K00003 | B43: Ashok M Kothawade | C43: 256264 | D43: 0 | E43: 0 | F43: 0 | G43: 256264
A44: 89 | B44: ASHWINI AMBEKAR | C44: 8391 | D44: 0 | E44: 0 | F44: 0 | G44: 8391
A45: 97 | B45: ASHWINI MUDE | C45: 20772 | D45: 0 | E45: 0 | F45: 0 | G45: 20772
A46: P00004 | B46: Atharvraj Agencies | C46: 38110 | D46: 0 | E46: 0 | F46: 0 | G46: 38110
A47: 93 | B47: ATUL UPALEKAR | C47: 12707 | D47: 0 | E47: 37536 | F47: 12094 | G47: 62337
A48: S00042 | B48: Bhagyashri D Shinde | C48: 70141 | D48: 0 | E48: 0 | F48: 0 | G48: 70141
A49: G00025 | B49: Bharati R Ghatol | C49: 0 | D49: 740537 | E49: 0 | F49: 60099 | G49: 800636
A50: R00002 | B50: Bhargav V Raje | C50: 2724864 | D50: 0 | E50: 0 | F50: 0 | G50: 2724864
A51: K00025 | B51: Bhavesh B Kharote | C51: 87485 | D51: 0 | E51: 0 | F51: 0 | G51: 87485
A52: C00010 | B52: Bishwa M Chatterjee | C52: 43183 | D52: 0 | E52: 0 | F52: 0 | G52: 43183
A53: S00002 | B53: BRAMHESH L SARANGULE | C53: 76118 | D53: 0 | E53: 0 | F53: 0 | G53: 76118
A54: 104 | B54: Chaitra Akhegaonkar | C54: 158303 | D54: 0 | E54: 521546 | F54: 0 | G54: 679849
A55: 111 | B55: Chaitram Bhamare | C55: 0 | D55: 0 | E55: 505816 | F55: 0 | G55: 505816
A56: C00003 | B56: Chandrakant Chougule | C56: 376124 | D56: 0 | E56: 0 | F56: 0 | G56: 376124
A57: P00015 | B57: Chandrakant G Patil | C57: 19761 | D57: 0 | E57: 0 | F57: 0 | G57: 19761
A58: B00010 | B58: Chandrakant P Borse | C58: 16407 | D58: 0 | E58: 637713 | F58: 0 | G58: 654120
A59: G00029 | B59: Chandrashekhar V G | C59: 527974 | D59: 0 | E59: 0 | F59: 0 | G59: 527974
A60: R00005 | B60: CHARVI ROHAN RAHATE | C60: 83037 | D60: 69288 | E60: 0 | F60: 0 | G60: 152325
A61: S00029 | B61: Chidambar N Shinde | C61: 0 | D61: 25361 | E61: 0 | F61: 0 | G61: 25361
A62: P00038 | B62: DABHOLE PRATHAMESH P | C62: 428913 | D62: 4478340 | E62: 311644 | F62: 0 | G62: 5218897
A63: T00002 | B63: DARSHAN PRAVIN TIDKE | C63: 50091 | D63: 0 | E63: 0 | F63: 0 | G63: 50091
A64: J00005 | B64: Dattatray V Jadhav | C64: 174862 | D64: 0 | E64: 0 | F64: 0 | G64: 174862
A65: N00002 | B65: Deepak M Narsingani | C65: 59055 | D65: 0 | E65: 0 | F65: 0 | G65: 59055
A66: A00015 | B66: Deepak R Adake | C66: 5225 | D66: 0 | E66: 0 | F66: 0 | G66: 5225
A67: 62 | B67: DEEPIKA | C67: 88401 | D67: 0 | E67: 45538 | F67: 64636 | G67: 198575
A68: N00004 | B68: Devashree S Nawghare | C68: 31478 | D68: 0 | E68: 0 | F68: 0 | G68: 31478
A69: 75 | B69: DHAIRYASHIL BHOGAM | C69: 88894 | D69: 0 | E69: 32580 | F69: 0 | G69: 121474
A70: K00015 | B70: Dhairyashil D Kashid | C70: 0 | D70: 0 | E70: 402051 | F70: 0 | G70: 402051
A71: 36 | B71: Dhananjay Kulkarni | C71: 22125 | D71: 0 | E71: 21924 | F71: 0 | G71: 44049
A72: L00002 | B72: Dhananjay R Lachake | C72: 301305 | D72: 0 | E72: 0 | F72: 0 | G72: 301305
A73: U00006 | B73: Dhanya J Upadhyaya | C73: 41410 | D73: 0 | E73: 0 | F73: 0 | G73: 41410
A74: S00030 | B74: Dheeraj G Sarda | C74: 19626 | D74: 0 | E74: 0 | F74: 0 | G74: 19626
A75: E00001 | B75: Dhiraj Vilas Ekal | C75: 46780 | D75: 0 | E75: 17519 | F75: 0 | G75: 64299
A76: S00003 | B76: Dhriti Sharma | C76: 455525 | D76: 0 | E76: 0 | F76: 53589 | G76: 509114
A77: P00025 | B77: Dilip L Paranjape | C77: 0 | D77: 0 | E77: 183934 | F77: 0 | G77: 183934
A78: S00031 | B78: Dinesh Ananti Singh | C78: 694796 | D78: 0 | E78: 0 | F78: 0 | G78: 694796
A79: R00008 | B79: Dinoday Uttam Raut | C79: 21528 | D79: 0 | E79: 12060 | F79: 0 | G79: 33588
A80: 69 | B80: Dnyanesh Gaikwad | C80: 147408 | D80: 0 | E80: 0 | F80: 0 | G80: 147408
A81: P00039 | B81: Gajanan Narsing Patil | C81: 5079 | D81: 0 | E81: 0 | F81: 0 | G81: 5079
A82: S00024 | B82: Ganesh S Supare | C82: 9964 | D82: 0 | E82: 310195 | F82: 0 | G82: 320159
A83: G00008 | B83: GAVALI R GAJANAN | C83: 1375239 | D83: 0 | E83: 0 | F83: 0 | G83: 1375239
A84: 10 | B84: Gayatri Vaze | C84: 171130 | D84: 0 | E84: 70875 | F84: 0 | G84: 242005
A85: O00001 | B85: Geeta Anil Oswal | C85: 465217 | D85: 0 | E85: 0 | F85: 0 | G85: 465217
A86: M00002 | B86: Ghughuskar K Maruti | C86: 135408 | D86: 0 | E86: 0 | F86: 0 | G86: 135408
A87: S00033 | B87: Govind D Sutavani | C87: 459627 | D87: 0 | E87: 0 | F87: 0 | G87: 459627
A88: S00013 | B88: Hakim Singh | C88: 831300 | D88: 0 | E88: 0 | F88: 0 | G88: 831300
A89: 2 | B89: Harshal Bavaskar | C89: 628 | D89: 0 | E89: 0 | F89: 0 | G89: 628
A90: C00006 | B90: Harshvardhan S Chavan | C90: 24773 | D90: 0 | E90: 0 | F90: 0 | G90: 24773
A91: 20 | B91: Hema Joshi | C91: 145052 | D91: 0 | E91: 0 | F91: 0 | G91: 145052
A92: P00031 | B92: Hiralal J Pawar | C92: 218883 | D92: 0 | E92: 39822 | F92: 0 | G92: 258705
A93: A00014 | B93: INDRANI DEEPAK AKUT | C93: 0 | D93: 0 | E93: 2006116 | F93: 0 | G93: 2006116
A94: 87 | B94: Jayashree Dinde | C94: 0 | D94: 0 | E94: 40802 | F94: 0 | G94: 40802
A95: S00037 | B95: Jethwani K Sunderlal | C95: 159153 | D95: 0 | E95: 0 | F95: 0 | G95: 159153
A96: K00022 | B96: Kallapa B Kamble | C96: 52612 | D96: 0 | E96: 0 | F96: 0 | G96: 52612
A97: 34 | B97: Kalpesh Salunke | C97: 120845 | D97: 0 | E97: 0 | F97: 0 | G97: 120845
A98: G00013 | B98: Kalyani V Gavali | C98: 143475 | D98: 0 | E98: 0 | F98: 0 | G98: 143475
A99: 39 | B99: KARUNA PATEKAR | C99: 23797 | D99: 0 | E99: 0 | F99: 0 | G99: 23797
A100: 72 | B100: KEDAR HAWAL | C100: 16347 | D100: 0 | E100: 0 | F100: 0 | G100: 16347
A101: 7 | B101: Kedar Kulkarni | C101: 0 | D101: 0 | E101: 29931 | F101: 0 | G101: 29931
A102: N00006 | B102: Kiran P Nimbalkar | C102: 2056 | D102: 0 | E102: 0 | F102: 0 | G102: 2056
A103: M00022 | B103: Kirti B Mudgalkar | C103: 2925 | D103: 0 | E103: 0 | F103: 0 | G103: 2925
A104: 101 | B104: Kirti Pawar | C104: 349026 | D104: 0 | E104: 0 | F104: 0 | G104: 349026
...

Sheet Sheet3
A1: RM_Name | B1: RM_Pan | C1: WireCode
A2: Nitin Mude | B2: AIHPM7502Q | C2: F338Y01
A3: Harshal Ghatage | B3: AKCPG4292H | C3: F338Y02
A4: Suhas Tare | B4: AEYPT3691L | C4: F338Y03
A5: Abhijeet Mane | B5: AOMPM5676E | C5: F447P
A6: Avishek Kumar | B6: BIRPK3752P | C6: F338Y12
A7: Rohit Patokar | B7: BPPPP6132M | C7: F338Y14
A8: Ganesh Shankar | B8: BLDPS3686R | C8: F338Y15
A9: Rakesh Bhamare | B9: BASPB6301E | C9: F338Y13
A10: Harshal Bavaskar | B10: CCFPB8266C | C10: FY74603
A11: Sangram Pawar | B11: ENVPP6382L | C11: FY74602
A12: Devashish Upadhyaya | B12: AAQPU3306B | C12: F338Y10
... A25: Neha Kumari | B25: DVUPK0975G | C25: F338Y17
A26: Ashwini Hudlikar | B26: ACNPH5755N
A27: Suraj Jadhav | B27: BNWPJ3454K | C27: F447P07
A28: Shivkumar Mirajkar | B28: ARCPM8393H | C28: F447P05
A29: Rahul Khot | B29: AOLPK9302A | C29: F447P06
A30: Ashwini Patankar | B30: ANHPP9678D | C30: F447P10
A31: Rohan Joshi | B31: AIGPJ1594G | C31: F447P23
A32: Pandurang Zirange | B32: AAKPZ2522L
A33: Venktesh Patil | B33: ERRPP2175M
A34: Hemant Bhalekar | B34: ADYPB4292Q
A35: Khandu Suryawanshi | B35: HWPPS1577G
A36: Prasanna Daddamani | B36: ALNPD4328E | C36: F447P24
A37: Snehal Harale | B37: AHBPH0981P
A38: Rani Jadhav | B38: AVBPJ0383P
