Workbook

Sheet Sheet1
A1: Client ID/PAN | B1: Client Name | C1: Group Code | D1: Onboarded on | E1: AUM (₹) | F1: RM | G1: RM Pan
A2: MAHEN997 | B2: MAHENDRA SHANKAR RANADE | C2: F338Y09 | D2: 40257 | E2: 3.29 Cr | F2: Amol Patokar | G2: =VLOOKUP(F2,Sheet2!B:C,2,FALSE) -> ALZPP1769R
A3: PBANSAL2 | B3: PUSHPA BANSAL | C3: F338Y04 | D3: 43977 | E3: 2.99 Cr | F3: Samir Supsande | G3: =VLOOKUP(F3,Sheet2!B:C,2,FALSE) -> BTJPS5661N
A4: SUBGOVIN | B4: SUBHASH GOVIND SAYKHEDKAR | C4: F338Y07 | D4: 43291 | E4: 2.09 Cr | F4: Amit Nawale | G4: =VLOOKUP(F4,Sheet2!B:C,2,FALSE) -> AFUPN0088A
A5: SRIRANGS | B5: KAUSTUBH SHRIKRISHNA PATWARDHAN | C5: F338Y12 | D5: 43098 | E5: 2.08 Cr | F5: Avishek Kumar | G5: =VLOOKUP(F5,Sheet2!B:C,2,FALSE) -> BIRPK3752P
A6: ARANDIVE | B6: ASHOK DADURAO RANDIVE | C6: F338Y05 | D6: 39153 | E6: 1.98 Cr | F6: Niyaz Sheikh | G6: =VLOOKUP(F6,Sheet2!B:C,2,FALSE) -> BAKPS6882F
A7: MONGINIS | B7: YUVRAJ NILKANTH NEMADE | C7: F338Y14 | D7: 39779 | E7: 1.88 Cr | F7: Rohit Patokar | G7: =VLOOKUP(F7,Sheet2!B:C,2,FALSE) -> BPPPP6132M
A8: SHRIGP28 | B8: SHRICHANDRA GANESH PATANKAR | C8: F338Y02 | D8: 39633 | E8: 1.79 Cr | F8: Harshal Ghatage | G8: =VLOOKUP(F8,Sheet2!B:C,2,FALSE) -> AKCPG4292H
A9: MANISURM | B9: MANISHA SURESH MANE | C9: F338Y12 | D9: 40175 | E9: 1.63 Cr | F9: Avishek Kumar | G9: =VLOOKUP(F9,Sheet2!B:C,2,FALSE) -> BIRPK3752P
A10: DRAHUL80 | B10: RAHUL ASHOK DINGANE | C10: F338Y15 | D10: 43255 | E10: 1.34 Cr | F10: Ganesh Shankar | G10: =VLOOKUP(F10,Sheet2!B:C,2,FALSE) -> BLDPS3686R
A11: PPMOHITE | B11: PANKAJ PRAKASHRAO MOHITE | C11: F338Y02 | D11: 40886 | E11: 1.19 Cr | F11: Harshal Ghatage | G11: =VLOOKUP(F11,Sheet2!B:C,2,FALSE) -> AKCPG4292H
A12: ESTEEM04 | B12: URMILA ASHOK PATIL | C12: F338Y13 | D12: 39512 | E12: 1.18 Cr | F12: Rakesh Bhamare | G12: =VLOOKUP(F12,Sheet2!B:C,2,FALSE) -> BASPB6301E
A13: PATKAR61 | B13: ASHWINI SHRICHANDRA PATANKAR | C13: F338Y02 | D13: 38716 | E13: 1.12 Cr | F13: Harshal Ghatage | G13: =VLOOKUP(F13,Sheet2!B:C,2,FALSE) -> AKCPG4292H
A14: 84650906 | B14: SANJIB KUMAR AMBASTA | C14: F338Y12 | D14: 44923 | E14: 1.07 Cr | F14: Avishek Kumar | G14: =VLOOKUP(F14,Sheet2!B:C,2,FALSE) -> BIRPK3752P
A15: ATULMK70 | B15: ATUL MANOHAR KELKAR | C15: F338Y15 | D15: 44865 | E15: 1.07 Cr | F15: Ganesh Shankar | G15: =VLOOKUP(F15,Sheet2!B:C,2,FALSE) -> BLDPS3686R
A16: RJETHWAN | B16: RANJITA PRAKASH JETHWANI | C16: F338Y04 | D16: 42219 | E16: 1.06 Cr | F16: Samir Supsande | G16: =VLOOKUP(F16,Sheet2!B:C,2,FALSE) -> BTJPS5661N
A17: ADVAVIJA | B17: VIJAY KUMAR KHANNA | C17: F338Y02 | D17: 41772 | E17: 1.06 Cr | F17: Harshal Ghatage | G17: =VLOOKUP(F17,Sheet2!B:C,2,FALSE) -> AKCPG4292H
A18: MALEEHAM | B18: maleeha yusuf mustafa | C18: F338Y02 | D18: 45465 | E18: 1.05 Cr | F18: Harshal Ghatage | G18: =VLOOKUP(F18,Sheet2!B:C,2,FALSE) -> AKCPG4292H
A19: VDIXIT73 | B19: VIJAYKUMAR PRABHAKAR DIXIT | C19: F338Y15 | D19: 43448 | E19: 95.38 L | F19: Ganesh Shankar | G19: =VLOOKUP(F19,Sheet2!B:C,2,FALSE) -> BLDPS3686R
A20: ASHUTOSH | B20: ASHUTOSH KUMAR | C20: F338Y13 | D20: 38199 | E20: 94.45 L | F20: Rakesh Bhamare | G20: =VLOOKUP(F20,Sheet2!B:C,2,FALSE) -> BASPB6301E
A21: TPN00015 | B21: SUNIL VITTHALRAO KOLHE | C21: F338Y14 | D21: 44553 | E21: 86.43 L | F21: Rohit Patokar | G21: =VLOOKUP(F21,Sheet2!B:C,2,FALSE) -> BPPPP6132M
A22: RAHULRSK | B22: RAHUL KASKHEDIKER | C22: F338Y14 | D22: 40468 | E22: 85.92 L | F22: Rohit Patokar | G22: =VLOOKUP(F22,Sheet2!B:C,2,FALSE) -> BPPPP6132M
A23: CRAKESH7 | B23: RAKESH R CHOUDHARY | C23: F338Y05 | D23: 40458 | E23: 74.83 L | F23: Niyaz Sheikh | G23: =VLOOKUP(F23,Sheet2!B:C,2,FALSE) -> BAKPS6882F
A24: SJKAKANI | B24: SACHIN JAYPRAKASH KAKANI | C24: F338Y09 | D24: 43978 | E24: 73.52 L | F24: Amol Patokar | G24: =VLOOKUP(F24,Sheet2!B:C,2,FALSE) -> ALZPP1769R
A25: ALOKRAAM | B25: KHANDELWAL ALOK SHRIRAM | C25: F338Y12 | D25: 40481 | E25: 71.99 L | F25: Avishek Kumar | G25: =VLOOKUP(F25,Sheet2!B:C,2,FALSE) -> BIRPK3752P
A26: KAMLAGP4 | B26: KAMLAKAR GOVIND PATIL | C26: F338Y07 | D26: 39387 | E26: 70.33 L | F26: Amit Nawale | G26: =VLOOKUP(F26,Sheet2!B:C,2,FALSE) -> AFUPN0088A
... A91: DHUMAL77 | B91: DHUMAL MACHINDRA KISAN | C91: F338Y14 | D91: 40560 | E91: 13.65 L | F91: Rohit Patokar | G91: =VLOOKUP(F91,Sheet2!B:C,2,FALSE) -> BPPPP6132M
A92: 99234013 | B92: SANGEETA KUNDAN SHENDE | C92: F338Y04 | D92: 44256 | E92: 12.26 L | F92: Samir Supsande | G92: =VLOOKUP(F92,Sheet2!B:C,2,FALSE) -> BTJPS5661N
A93: SOVITKUN | B93: SOVIT KUMAR NATH | C93: F338Y13 | D93: 40450 | E93: 10.32 L | F93: Rakesh Bhamare | G93: =VLOOKUP(F93,Sheet2!B:C,2,FALSE) -> BASPB6301E
A94: VINAYKAT | B94: VINAY KATYAL | C94: F338Y12 | D94: 41618 | E94: 9.96 L | F94: Avishek Kumar | G94: =VLOOKUP(F94,Sheet2!B:C,2,FALSE) -> BIRPK3752P
A95: 37523279 | B95: MOHAN JAGANNATH GAIKWAD | C95: F338Y02 | D95: 44236 | E95: 8.57 L | F95: Harshal Ghatage | G95: =VLOOKUP(F95,Sheet2!B:C,2,FALSE) -> AKCPG4292H
A96: ARUN0373 | B96: ARUNKUMAR RAJNANDAN SINGH | C96: F338Y13 | D96: 44837 | E96: 7.48 L | F96: Rakesh Bhamare | G96: =VLOOKUP(F96,Sheet2!B:C,2,FALSE) -> BASPB6301E
A97: ANILSK02 | B97: ANIL SADASHIV KARKARE | C97: F338Y02 | D97: 38996 | E97: 4.77 L | F97: Harshal Ghatage | G97: =VLOOKUP(F97,Sheet2!B:C,2,FALSE) -> AKCPG4292H
A98: SHRUPS91 | B98: SHRUTI PRABHAKAR SALE | C98: F338Y02 | D98: 44564 | E98: 4.00 L | F98: Harshal Ghatage | G98: =VLOOKUP(F98,Sheet2!B:C,2,FALSE) -> AKCPG4292H
A99: GOKHALE0 | B99: GOKHALE RAJESH CHIMANLAL | C99: F338Y12 | D99: 44036 | E99: 3.77 L | F99: Avishek Kumar | G99: =VLOOKUP(F99,Sheet2!B:C,2,FALSE) -> BIRPK3752P
A100: 82306446 | B100: SHILA AVINASH PATIL | C100: F338Y12 | D100: 44437 | E100: 3.21 L | F100: Avishek Kumar | G100: =VLOOKUP(F100,Sheet2!B:C,2,FALSE) -> BIRPK3752P
A101: PRASHTAS | B101: PRASHANT MADHUKAR TASGAONKAR | C101: F338Y13 | D101: 44042 | E101: 1.57 L | F101: Rakesh Bhamare | G101: =VLOOKUP(F101,Sheet2!B:C,2,FALSE) -> BASPB6301E
A102: SAVANIN2 | B102: SAVANI OMKAR NAWGHARE | C102: F338Y10 | D102: 45672 | E102: 1.56 L | F102: Devashish Upadhyaya | G102: =VLOOKUP(F102,Sheet2!B:C,2,FALSE) -> AAQPU3306B
A103: THAMAN59 | B103: ASHWANI KUMAR THAMAN | C103: F338Y15 | D103: 44489 | E103: 1.55 L | F103: Ganesh Shankar | G103: =VLOOKUP(F103,Sheet2!B:C,2,FALSE) -> BLDPS3686R
A104: ANANT150 | B104: ANANT SHANKAR KULKARNI | C104: F338Y09 | D104: 39298 | E104: 1.42 L | F104: Amol Patokar | G104: =VLOOKUP(F104,Sheet2!B:C,2,FALSE) -> ALZPP1769R
A105: AUTINILE | B105: NILESH CHANDRAKANT WAYKAR | C105: F338Y02 | D105: 42515 | E105: 1.40 L | F105: Harshal Ghatage | G105: =VLOOKUP(F105,Sheet2!B:C,2,FALSE) -> AKCPG4292H
A106: NIMKAR78 | B106: AJAY NARAYANRAO NIMKAR | C106: F338Y02 | D106: 39714 | E106: 1.39 L | F106: Harshal Ghatage | G106: =VLOOKUP(F106,Sheet2!B:C,2,FALSE) -> AKCPG4292H
A107: BABURAO6 | B107: BABURAO SHANKARRAO PHULE | C107: F338Y02 | D107: 39182 | E107: 1.39 L | F107: Harshal Ghatage | G107: =VLOOKUP(F107,Sheet2!B:C,2,FALSE) -> AKCPG4292H
A108: OMKARN26 | B108: OMKAR SHARAD NAWGHARE | C108: F338Y10 | D108: 45671 | E108: 1.08 L | F108: Devashish Upadhyaya | G108: =VLOOKUP(F108,Sheet2!B:C,2,FALSE) -> AAQPU3306B
A109: ASHWLOKH | B109: ASHWINI LOKHANDE | C109: F338Y02 | D109: 40767 | E109: 1.02 L | F109: Harshal Ghatage | G109: =VLOOKUP(F109,Sheet2!B:C,2,FALSE) -> AKCPG4292H
A110: RGUPTA47 | B110: MONIKA GUPTA | C110: F338Y12 | D110: 40135 | E110: 1.01 L | F110: Avishek Kumar | G110: =VLOOKUP(F110,Sheet2!B:C,2,FALSE) -> BIRPK3752P
A111: MHGAWATE | B111: MADHURI HEMRAJ GAWATE | C111: F338Y04 | D111: 43585 | E111: 82.35 K | F111: Samir Supsande | G111: =VLOOKUP(F111,Sheet2!B:C,2,FALSE) -> BTJPS5661N
A112: COPPERSP | B112: COPPERSPHERE | C112: F338Y14 | D112: 44735 | E112: 35.38 K | F112: Rohit Patokar | G112: =VLOOKUP(F112,Sheet2!B:C,2,FALSE) -> BPPPP6132M
... A120: DDDERE80 | B120: DURGAPRASAD DAGADU DERE | C120: F338Y02 | D120: 39097 | E120: 3.02 K | F120: Harshal Ghatage | G120: =VLOOKUP(F120,Sheet2!B:C,2,FALSE) -> AKCPG4292H
A121: NEHARA81 | B121: NEHA DIVYA RAMRAIKA | C121: F338Y12 | D121: 45415 | E121: 888.16 | F121: Avishek Kumar | G121: =VLOOKUP(F121,Sheet2!B:C,2,FALSE) -> BIRPK3752P
A122: RPATEL62 | B122: RADHIKA SHASHIKANT PATEL | C122: F338Y07 | D122: 43989 | E122: 880 | F122: Amit Nawale | G122: =VLOOKUP(F122,Sheet2!B:C,2,FALSE) -> AFUPN0088A
A123: HUFDIXIT | B123: VIJAYKUMAR PRABHAKAR DIXIT | C123: F338Y15 | D123: 45859 | E123: 840.01 | F123: Ganesh Shankar | G123: =VLOOKUP(F123,Sheet2!B:C,2,FALSE) -> BLDPS3686R
A124: HUFGHAN2 | B124: GHANSHAM ONKARLAL AGRAWAL (HUF) | C124: F338Y12 | D124: 45851 | E124: - | F124: Avishek Kumar | G124: =VLOOKUP(F124,Sheet2!B:C,2,FALSE) -> BIRPK3752P
A125: HUFKAR18 | B125: KARAN GHANSHYAM AGRAWAL HUF | C125: F338Y12 | D125: 45849 | E125: - | F125: Avishek Kumar | G125: =VLOOKUP(F125,Sheet2!B:C,2,FALSE) -> BIRPK3752P
A126: HUFKIRAN | B126: KIRAN BIRDICHAND KANKRIYA HUF | C126: F338Y01 | D126: 44435 | E126: - | F126: Nitin Mude | G126: =VLOOKUP(F126,Sheet2!B:C,2,FALSE) -> AIHPM7502Q
A127: HEMANT22 | B127: HEMANT MANOHAR KULKARNI | C127: F338Y07 | D127: 38990 | E127: - | F127: Amit Nawale | G127: =VLOOKUP(F127,Sheet2!B:C,2,FALSE) -> AFUPN0088A
A128: HTGAWATE | B128: HEMRAJ TULSIRAM GAWATE HUF | C128: F338Y04 | D128: 45482 | E128: - | F128: Samir Supsande | G128: =VLOOKUP(F128,Sheet2!B:C,2,FALSE) -> BTJPS5661N
A129: HUF99999 | B129: VITHAL B GANGSHETTIWAR HUF | C129: F338Y13 | D129: 40128 | E129: - | F129: Rakesh Bhamare | G129: =VLOOKUP(F129,Sheet2!B:C,2,FALSE) -> BASPB6301E
A130: HI997042 | B130: HARSHA HERAMB INAMDAR | C130: F338Y12 | D130: 44061 | E130: - | F130: Avishek Kumar | G130: =VLOOKUP(F130,Sheet2!B:C,2,FALSE) -> BIRPK3752P
A131: HIHOST23 | B131: HIHOST HOSPITALITY PRIVATE LIMITED | C131: F338Y02 | D131: 45434 | E131: - | F131: Harshal Ghatage | G131: =VLOOKUP(F131,Sheet2!B:C,2,FALSE) -> AKCPG4292H
A132: HARIGANG | B132: HARIGANGA MACHINERIES AND ENGINEERING SERVICES LTD | C132: F338Y05 | D132: 42070 | E132: - | F132: Niyaz Sheikh | G132: =VLOOKUP(F132,Sheet2!B:C,2,FALSE) -> BAKPS6882F
A133: HARSH681 | B133: HARSHAL SUKDEO USHIR | C133: F338Y09 | D133: 45472 | E133: - | F133: Amol Patokar | G133: =VLOOKUP(F133,Sheet2!B:C,2,FALSE) -> ALZPP1769R
A134: HARSHM04 | B134: HARSH SUDIN MEHTA | C134: F338Y14 | D134: 45301 | E134: - | F134: Rohit Patokar | G134: =VLOOKUP(F134,Sheet2!B:C,2,FALSE) -> BPPPP6132M
A135: JAYAMANO | B135: JAYANT MANOHAR MEHANDALE | C135: F338Y09 | D135: 38635 | E135: - | F135: Amol Patokar | G135: =VLOOKUP(F135,Sheet2!B:C,2,FALSE) -> ALZPP1769R
... A356: KISHORDA | B356: KISHOR DAYALAL THAKKAR | C356: F338Y12 | D356: 38805 | E356: - | F356: Avishek Kumar | G356: =VLOOKUP(F356,Sheet2!B:C,2,FALSE) -> BIRPK3752P
A357: 98346879 | B357: DILIP DNYANESHWAR KOTHAMIRE | C357: F338Y10 | D357: 43987 | E357: - | F357: Devashish Upadhyaya | G357: =VLOOKUP(F357,Sheet2!B:C,2,FALSE) -> AAQPU3306B
A358: SHIKATYL | B358: SHIRLEY KATYAL | C358: F338Y12 | D358: 41604 | E358: - | F358: Avishek Kumar | G358: =VLOOKUP(F358,Sheet2!B:C,2,FALSE) -> BIRPK3752P
A359: VIVEKG01 | B359: VIVEK B GIRIDHARI | C359: F338Y12 | D359: 40581 | E359: - | F359: Avishek Kumar | G359: =VLOOKUP(F359,Sheet2!B:C,2,FALSE) -> BIRPK3752P
A360: RAMDA598 | B360: RAMDAS A SHINDE | C360: F338Y14 | D360: 40085 | E360: - | F360: Rohit Patokar | G360: =VLOOKUP(F360,Sheet2!B:C,2,FALSE) -> BPPPP6132M
A361: JYOTIK69 | B361: JYOTI VISHRAM KARDAK | C361: F338Y07 | D361: 45582 | E361: - | F361: Amit Nawale | G361: =VLOOKUP(F361,Sheet2!B:C,2,FALSE) -> AFUPN0088A
A362: PGUPTA61 | B362: PRAMOD KUMAR GUPTA | C362: F338Y07 | D362: 44447 | E362: - | F362: Amit Nawale | G362: =VLOOKUP(F362,Sheet2!B:C,2,FALSE) -> AFUPN0088A
A363: ANAGHA59 | B363: ANAGHA PRADEEP DEODHAR | C363: F338Y15 | D363: 40093 | E363: - | F363: Ganesh Shankar | G363: =VLOOKUP(F363,Sheet2!B:C,2,FALSE) -> BLDPS3686R
A364: ANANDAGA | B364: ANAND CHAMPALAL DAGA | C364: F338Y13 | D364: 39461 | E364: - | F364: Rakesh Bhamare | G364: =VLOOKUP(F364,Sheet2!B:C,2,FALSE) -> BASPB6301E
A365: ANANTENT | B365: ANANT ENTERPRICES | C365: F338Y13 | D365: 40478 | E365: - | F365: Rakesh Bhamare | G365: =VLOOKUP(F365,Sheet2!B:C,2,FALSE) -> BASPB6301E
A366: ANIKETAS | B366: ANIKET ASHOK DESHKAR | C366: F338Y04 | D366: 39468 | E366: - | F366: Samir Supsande | G366: =VLOOKUP(F366,Sheet2!B:C,2,FALSE) -> BTJPS5661N
A367: ANANDP26 | B367: ANAND KUMAR POLAVARAPU | C367: F338Y13 | D367: 39526 | E367: - | F367: Rakesh Bhamare | G367: =VLOOKUP(F367,Sheet2!B:C,2,FALSE) -> BASPB6301E
A368: ATULPP79 | B368: ATUL PRASHANT PRADHAN | C368: F338Y12 | D368: 42796 | E368: - | F368: Avishek Kumar | G368: =VLOOKUP(F368,Sheet2!B:C,2,FALSE) -> BIRPK3752P
A369: AVINAS31 | B369: AVINASH ASHOK PAWAR | C369: F338Y13 | D369: 43543 | E369: - | F369: Rakesh Bhamare | G369: =VLOOKUP(F369,Sheet2!B:C,2,FALSE) -> BASPB6301E
... A375: ASPAHADI | B375: AMRUTA SANDEEP PAHADI | C375: F338Y10 | D375: 45699 | E375: - | F375: Devashish Upadhyaya | G375: =VLOOKUP(F375,Sheet2!B:C,2,FALSE) -> AAQPU3306B
A376: 99259881 | B376: JAYSHREE JOSHI | C376: F338Y02 | D376: 44384 | E376: - | F376: Harshal Ghatage | G376: =VLOOKUP(F376,Sheet2!B:C,2,FALSE) -> AKCPG4292H
A377: 99789087 | B377: SAURABH JOSHI | C377: F338Y13 | D377: 45290 | E377: - | F377: Rakesh Bhamare | G377: =VLOOKUP(F377,Sheet2!B:C,2,FALSE) -> BASPB6301E
A378: 9SHIVRAJ | B378: SHIVRAJSINGH VIJAYSINGH BHONSLE | C378: F338Y05 | D378: 43448 | E378: - | F378: Niyaz Sheikh | G378: =VLOOKUP(F378,Sheet2!B:C,2,FALSE) -> BAKPS6882F
A379: AAGRAVAL | B379: ASHISH MOHANLAL AGRAVAL | C379: F338Y12 | D379: 45834 | E379: - | F379: Avishek Kumar | G379: =VLOOKUP(F379,Sheet2!B:C,2,FALSE) -> BIRPK3752P
A380: AAK26385 | B380: ANIRUDHA ASHOK KHOLLAM | C380: F338Y01 | D380: 45608 | E380: - | F380: Nitin Mude | G380: =VLOOKUP(F380,Sheet2!B:C,2,FALSE) -> AIHPM7502Q
A381: 98888307 | B381: VRUSHALI VIJAY DESHKAR | C381: F338Y05 | D381: 45356 | E381: - | F381: Niyaz Sheikh | G381: =VLOOKUP(F381,Sheet2!B:C,2,FALSE) -> BAKPS6882F
A382: 98900265 | B382: PRAVIN VARDICHAND SANGHVI | C382: F338Y14 | D382: 44001 | E382: - | F382: Rohit Patokar | G382: =VLOOKUP(F382,Sheet2!B:C,2,FALSE) -> BPPPP6132M
A383: 98628474 | B383: Sejal Santosh Godse | C383: F338Y15 | D383: 45965 | E383: - | F383: Ganesh Shankar | G383: =VLOOKUP(F383,Sheet2!B:C,2,FALSE) -> BLDPS3686R
A384: 93716357 | B384: MANGAL BONDE | C384: F338Y13 | D384: 44236 | E384: - | F384: Rakesh Bhamare | G384: =VLOOKUP(F384,Sheet2!B:C,2,FALSE) -> BASPB6301E
A385: 98230348 | B385: ANAND KAUSHALPRASAD RAI | C385: F338Y05 | D385: 44146 | E385: - | F385: Niyaz Sheikh | G385: =VLOOKUP(F385,Sheet2!B:C,2,FALSE) -> BAKPS6882F
A386: 92250605 | B386: PANKAJ P DOYE | C386: F338Y13 | D386: 43943 | E386: - | F386: Rakesh Bhamare | G386: =VLOOKUP(F386,Sheet2!B:C,2,FALSE) -> BASPB6301E
A387: 93157705 | B387: VARSHA SANJAY DESHPANDE | C387: F338Y02 | D387: 44523 | E387: - | F387: Harshal Ghatage | G387: =VLOOKUP(F387,Sheet2!B:C,2,FALSE) -> AKCPG4292H
A388: 82753375 | B388: KAMAL SHIVLAL CHOPDA | C388: F338Y02 | D388: 44235 | E388: - | F388: Harshal Ghatage | G388: =VLOOKUP(F388,Sheet2!B:C,2,FALSE) -> AKCPG4292H
A389: 83490243 | B389: SUNITA V KULKARNI | C389: F338Y09 | D389: 44328 | E389: - | F389: Amol Patokar | G389: =VLOOKUP(F389,Sheet2!B:C,2,FALSE) -> ALZPP1769R
A390: 86392916 | B390: SMITA SURESHRAO GANJARE | C390: F338Y02 | D390: 44914 | E390: - | F390: Harshal Ghatage | G390: =VLOOKUP(F390,Sheet2!B:C,2,FALSE) -> AKCPG4292H
A391: 86981189 | B391: SOLANKI RAHUL MAHENDRA | C391: F338Y02 | D391: 43797 | E391: - | F391: Harshal Ghatage | G391: =VLOOKUP(F391,Sheet2!B:C,2,FALSE) -> AKCPG4292H
A392: 88069909 | B392: ATUL A NAIK | C392: F338Y02 | D392: 44305 | E392: - | F392: Harshal Ghatage | G392: =VLOOKUP(F392,Sheet2!B:C,2,FALSE) -> AKCPG4292H
... A397: 84451094 | B397: NIRMALA RAJGOPAL RATHI | C397: F338Y14 | D397: 44691 | E397: - | F397: Rohit Patokar | G397: =VLOOKUP(F397,Sheet2!B:C,2,FALSE) -> BPPPP6132M
A398: ADYNAMIC | B398: AUDIO VISUAL DYNAMIC BUSINESS SOLUTIONS LLP | C398: F338Y01 | D398: 45642 | E398: - | F398: Nitin Mude | G398: =VLOOKUP(F398,Sheet2!B:C,2,FALSE) -> AIHPM7502Q
A399: AGLHUF23 | B399: ASHOK GIRIDHARILAL LODHA HUF | C399: F338Y02 | D399: 45265 | E399: - | F399: Harshal Ghatage | G399: =VLOOKUP(F399,Sheet2!B:C,2,FALSE) -> AKCPG4292H
A400: AGRE0871 | B400: HARISH RAMCHANDRA AGRE | C400: F338Y04 | D400: 45338 | E400: - | F400: Samir Supsande | G400: =VLOOKUP(F400,Sheet2!B:C,2,FALSE) -> BTJPS5661N
...

Sheet Sheet2
A1: Wirecode | B1: RM | C1: PAN
A2: F338Y01 | B2: Nitin Mude | C2: AIHPM7502Q
A3: F338Y02 | B3: Harshal Ghatage | C3: AKCPG4292H
A4: F338Y03 | B4: Suhas Tare | C4: AEYPT3691L
A5: F338Y04 | B5: Samir Supsande | C5: BTJPS5661N
A6: F338Y05 | B6: Niyaz Sheikh | C6: BAKPS6882F
A7: F338Y06 | B7: Manali Mude
A8: F338Y07 | B8: Amit Nawale | C8: AFUPN0088A
A9: F338Y08 | B9: Abhay Aouti | C9: AKXPA9024F
A10: F338Y09 | B10: Amol Patokar | C10: ALZPP1769R
A11: F338Y10 | B11: Devashish Upadhyaya | C11: AAQPU3306B
A12: F338Y11 | B12: Ashwini Hudlikar | C12: ACNPH5755N
A13: F338Y12 | B13: Avishek Kumar | C13: BIRPK3752P
A14: F338Y13 | B14: Rakesh Bhamare | C14: BASPB6301E
A15: F338Y14 | B15: Rohit Patokar | C15: BPPPP6132M
A16: F338Y15 | B16: Ganesh Shankar | C16: BLDPS3686R
